order_id,entity_id,relation
order_gTpigTHKbfoLIS,pay_RABr1VjArnVgxw,payment
order_TH8xIZM1JRcore,pay_ogrNwwmq6OLkTk,payment
order_QnuVdYXye4JSnE,pay_2NiiUHUAKw9iEU,payment
order_jQKxKDpI6Qh2UV,pay_vsjaSS8VFgM0Fm,payment
order_754LEgw9YooJeT,pay_Y8HhO6kGL75UQS,payment
order_3BpdbIKaRdebuF,pay_rEHS2JpDzfOvz1,payment
order_yv1plBArp5B1Id,pay_9Z850kEnydx9qW,payment
order_mSoyPstUeC99en,pay_q522wjZRL9OaYs,payment
order_q3UjrnvQ0Fp4dN,pay_Zcui8kBRIg6Qjc,payment
order_ht3X13npgW2zMj,pay_518Y2bTu5X1YqW,payment
order_1nYCsXoblu17rN,pay_y8H6h8l7qgATtL,payment
order_3lcBGYQ6TmA65M,pay_Ph3FPuRIlPxUkJ,payment
order_rAJOCBnD3XkfFN,pay_uYUPnmbpD0ezNm,payment
order_yjQ312WnXRCI4h,pay_iCGItUBY3A4Bj1,payment
order_0rWEoBSou3ejxj,pay_nzuCdZyV6b2JD6,payment
order_HTX3EqEyPXS058,pay_H4KPfA1lquCu2r,payment
order_DUd7ne7cbp0MoD,pay_h6CpwL7SWktJ5J,payment
order_eQMgV0Lh8WvAwF,pay_v0Yg7NZRBT7qYH,payment
order_ZKtp5rBUJPuEuE,pay_vqrK2IGlozIoDS,payment
order_ZKtp5rBUJPuEuE,rfnd_sMnijULzIDHPnp,refund
order_szpPwIv9IvCtoS,pay_tU6QlTrKVL8Zsw,payment
order_hcds6NUgarDv7p,pay_1heEJQjY6fpIzK,payment
order_x4sKAJd7gVMqfo,pay_IjzQDcrr1eoqXK,payment
order_HO4ZektUJrhQR6,pay_FEecAtpf7ZJ69P,payment
order_DO4lKNEfvuP1uR,pay_r6YICtu8zF9OHz,payment
order_UMVmI5BRh8LojI,pay_If94ChZESFqZ8p,payment
order_UMVmI5BRh8LojI,rfnd_2fBReIdHFJjuGh,refund
order_lLUieV0vWqaTZJ,pay_O1BEuVx518ox1z,payment
order_xPY8EcFK12BGCS,pay_zOjD8uQO001xtS,payment
order_eN59UAgN2BR4cX,pay_sxjGJXke1Mo4iC,payment
order_P3CrHe69s7QCs9,pay_0gxwsRbZya1W84,payment
order_WoXnlpUVQigMcW,pay_cwi4uzmW2wFqk4,payment
order_XDeUnPPy0Ifyqh,pay_wUqxNxPDM6uLON,payment
order_zi6sEg3iCPU6zU,pay_jzgEz6cwB61gQH,payment
order_zi6sEg3iCPU6zU,rfnd_KfFYCFCdCYSyYU,refund
order_ylh0CPNLbWphJe,pay_Vmn1uj3a1iipkO,payment
order_wWKaqhAhdBwKCn,pay_MT4OsNb90AgSB3,payment
order_hMKSxLsFAXhO2I,pay_1A3zZyTttp7QDf,payment
order_fTYIKIuhvPU1S8,pay_LvJnOng0wVJY08,payment
order_5ZqlRtva1JyiNb,pay_UnAvwSWJfdjMPq,payment
order_LznFvgQKGtn9dm,pay_6VVrhEAiHoIPvy,payment
order_b51JJRzhbuXMZ5,pay_f0pKGytvukFhF4,payment
order_YojmLVOkVEUVB5,pay_INM1MjeBsrdFtC,payment
order_e11MFCIX3BYOtD,pay_jdg3vSFkpBBGjx,payment
order_WQdNuuIxp07Ljf,pay_P4tOPhRfINuhR6,payment
order_PFbt6vVl9jsWFH,pay_TGP2MLjlQM3Scw,payment
order_PFbt6vVl9jsWFH,rfnd_cvd95e5bzVV8OA,refund
order_LUWoo7W4mQJBVW,pay_FzkmL2dDx5SFhf,payment
order_LUWoo7W4mQJBVW,rfnd_x14xQPHOvlHGTn,refund
order_4jB6nBvbdFo9xb,pay_50OXirZRiRBaep,payment
order_4jB6nBvbdFo9xb,rfnd_bsPHGZpvr6SgYz,refund
order_UweoOgKUivuNZQ,pay_8DliS6cmX2ttyY,payment
order_UlwW1uhw3U3x8E,pay_E5GXTeLYHteOtL,payment
order_vc1v9r86eNwXQ7,pay_iLWceWwxJLQ6xV,payment
order_vc1v9r86eNwXQ7,rfnd_2amgcLRdTyon1d,refund
order_wtr7blG4hWRnLR,pay_9miekS9Y79PRIs,payment
order_kwn9XoEwJC8i2e,pay_ySDzzJhteCGhZI,payment
order_A4dhjkuRv630pN,pay_IhsHFk6jOSL0IZ,payment
order_6VqnJMb3HNspYz,pay_CQjzCvi1t9vyVF,payment
order_CqpgrxMp1juJtV,pay_EFEtb6F7nvdE2O,payment
order_agiqwzcdIwrxBI,pay_ZMLhfx9IwiLycc,payment
order_Gj3i5tyM0KFFEI,pay_Dbugzt32NLqO8J,payment
order_Gj3i5tyM0KFFEI,rfnd_rYTtLPtsiOnsd6,refund
order_DGSWxYpJRlBzzm,pay_FLD0TRGI9Dx7CH,payment
order_DGSWxYpJRlBzzm,rfnd_4MAE86PWtzjxUD,refund
order_XqE7rs68VRQEDI,pay_5SrJH3yvVjc7e5,payment
order_nZqIqgTod4nogu,pay_DQi78jO2DOUrrd,payment
order_T0c5zZ5cZWlU2r,pay_csL5uCNG3iFqYu,payment
order_plTXJUk13ZFfPl,pay_iupqoU7sSaOQdh,payment
