order_id,payment_id,amount,currency,method,customer_email,created_date
order_gTpigTHKbfoLIS,pay_RABr1VjArnVgxw,2304100,INR,netbanking,bakshianvi@example.org,2026-07-21
order_TH8xIZM1JRcore,pay_ogrNwwmq6OLkTk,2536700,INR,netbanking,liamchaudry@example.net,2026-07-02
order_QnuVdYXye4JSnE,pay_2NiiUHUAKw9iEU,768500,INR,upi,samiazad@example.org,2026-07-21
order_jQKxKDpI6Qh2UV,pay_vsjaSS8VFgM0Fm,2500400,INR,upi,kamdarviraj@example.net,2026-07-21
order_754LEgw9YooJeT,pay_Y8HhO6kGL75UQS,2664800,INR,netbanking,issaconi@example.org,2026-07-18
order_3BpdbIKaRdebuF,pay_rEHS2JpDzfOvz1,405000,INR,card,zmall@example.org,2026-07-15
order_yv1plBArp5B1Id,pay_9Z850kEnydx9qW,3031900,INR,netbanking,pahaloak@example.com,2026-07-02
order_RTWPElndTdtdD5,pay_GdF0ee1z6JJcfO,3754200,INR,netbanking,tanveernayar@example.org,2026-07-14
order_mSoyPstUeC99en,pay_q522wjZRL9OaYs,4397500,INR,card,raigunbir@example.com,2026-07-09
order_q3UjrnvQ0Fp4dN,pay_Zcui8kBRIg6Qjc,2469600,INR,upi,aishani07@example.net,2026-07-05
order_ht3X13npgW2zMj,pay_518Y2bTu5X1YqW,758400,INR,wallet,radhakrishnanfarhan@example.net,2026-07-14
order_1nYCsXoblu17rN,pay_y8H6h8l7qgATtL,3401600,INR,card,janaki93@example.net,2026-07-02
order_3lcBGYQ6TmA65M,pay_Ph3FPuRIlPxUkJ,2711200,INR,card,bathvedant@example.com,2026-07-13
order_rAJOCBnD3XkfFN,pay_uYUPnmbpD0ezNm,4613600,INR,wallet,kaulharrison@example.com,2026-07-10
order_yjQ312WnXRCI4h,pay_iCGItUBY3A4Bj1,2999500,INR,netbanking,sudiksha52@example.com,2026-07-16
order_0rWEoBSou3ejxj,pay_nzuCdZyV6b2JD6,2006900,INR,wallet,shaurya41@example.net,2026-07-08
order_HTX3EqEyPXS058,pay_H4KPfA1lquCu2r,2812700,INR,netbanking,yashgade@example.com,2026-07-14
order_DUd7ne7cbp0MoD,pay_h6CpwL7SWktJ5J,2509600,INR,wallet,omadan@example.net,2026-07-03
order_eQMgV0Lh8WvAwF,pay_v0Yg7NZRBT7qYH,3218600,INR,wallet,ektabhalla@example.org,2026-07-07
order_ZKtp5rBUJPuEuE,pay_vqrK2IGlozIoDS,2987100,INR,card,muttinandini@example.com,2026-07-14
order_szpPwIv9IvCtoS,pay_tU6QlTrKVL8Zsw,2030900,INR,card,kakardivya@example.org,2026-07-03
order_hcds6NUgarDv7p,pay_1heEJQjY6fpIzK,4102800,INR,upi,prandhawa@example.com,2026-07-18
order_x4sKAJd7gVMqfo,pay_IjzQDcrr1eoqXK,1346400,INR,wallet,alkadewan@example.org,2026-07-17
order_HO4ZektUJrhQR6,pay_FEecAtpf7ZJ69P,1816200,INR,card,priya96@example.com,2026-07-04
order_DO4lKNEfvuP1uR,pay_r6YICtu8zF9OHz,1279300,INR,netbanking,lakshitupadhyay@example.com,2026-07-06
order_UMVmI5BRh8LojI,pay_If94ChZESFqZ8p,3662700,INR,upi,battaimaran@example.org,2026-07-20
order_lLUieV0vWqaTZJ,pay_O1BEuVx518ox1z,2135200,INR,wallet,pahalbhatt@example.com,2026-07-13
order_xPY8EcFK12BGCS,pay_zOjD8uQO001xtS,3247800,INR,card,hsidhu@example.com,2026-07-13
order_eN59UAgN2BR4cX,pay_sxjGJXke1Mo4iC,1714400,INR,wallet,contractoramara@example.net,2026-07-20
order_P3CrHe69s7QCs9,pay_0gxwsRbZya1W84,4933500,INR,wallet,isaac46@example.org,2026-07-09
order_WoXnlpUVQigMcW,pay_cwi4uzmW2wFqk4,3207800,INR,netbanking,uaggarwal@example.net,2026-07-10
order_XDeUnPPy0Ifyqh,pay_wUqxNxPDM6uLON,3092600,INR,netbanking,xiti28@example.org,2026-07-11
order_zi6sEg3iCPU6zU,pay_jzgEz6cwB61gQH,4275900,INR,netbanking,yashica93@example.org,2026-07-21
order_ylh0CPNLbWphJe,pay_Vmn1uj3a1iipkO,218900,INR,upi,neel88@example.org,2026-07-02
order_wWKaqhAhdBwKCn,pay_MT4OsNb90AgSB3,2160900,INR,upi,vrinda01@example.com,2026-07-01
order_hMKSxLsFAXhO2I,pay_1A3zZyTttp7QDf,609400,INR,card,wriddhish03@example.net,2026-07-03
order_fTYIKIuhvPU1S8,pay_LvJnOng0wVJY08,4124500,INR,card,chadavedika@example.org,2026-07-14
order_5ZqlRtva1JyiNb,pay_UnAvwSWJfdjMPq,4388000,INR,wallet,kabirsoman@example.net,2026-07-20
order_LznFvgQKGtn9dm,pay_6VVrhEAiHoIPvy,4913000,INR,card,alkawable@example.net,2026-07-16
order_b51JJRzhbuXMZ5,pay_f0pKGytvukFhF4,2339600,INR,netbanking,ikakar@example.net,2026-07-14
order_YojmLVOkVEUVB5,pay_INM1MjeBsrdFtC,422800,INR,netbanking,devikarastogi@example.net,2026-07-21
order_e11MFCIX3BYOtD,pay_jdg3vSFkpBBGjx,1903900,INR,wallet,raksha87@example.org,2026-07-10
order_WQdNuuIxp07Ljf,pay_P4tOPhRfINuhR6,4541900,INR,card,umangbhatt@example.com,2026-07-14
order_PFbt6vVl9jsWFH,pay_TGP2MLjlQM3Scw,4765800,INR,upi,karpethomas@example.org,2026-07-21
order_LUWoo7W4mQJBVW,pay_FzkmL2dDx5SFhf,1100600,INR,netbanking,bhargavaveer@example.org,2026-07-15
order_4jB6nBvbdFo9xb,pay_50OXirZRiRBaep,1029800,INR,wallet,narayananekavir@example.net,2026-07-15
order_WohoNMdZEHNJSs,pay_avJlPGw7HWFb2c,2585400,INR,netbanking,aryasunder@example.org,2026-07-04
order_UweoOgKUivuNZQ,pay_8DliS6cmX2ttyY,3152400,INR,netbanking,urvashikibe@example.com,2026-07-09
order_UlwW1uhw3U3x8E,pay_E5GXTeLYHteOtL,2842500,INR,upi,ggupta@example.org,2026-07-02
order_vc1v9r86eNwXQ7,pay_iLWceWwxJLQ6xV,3811200,INR,upi,bpandya@example.com,2026-07-15
order_wtr7blG4hWRnLR,pay_9miekS9Y79PRIs,2015700,INR,upi,rbhagat@example.net,2026-07-17
order_kwn9XoEwJC8i2e,pay_ySDzzJhteCGhZI,3902100,INR,upi,bhatneha@example.net,2026-07-21
order_A4dhjkuRv630pN,pay_IhsHFk6jOSL0IZ,235900,INR,card,ikbal33@example.org,2026-07-05
order_6VqnJMb3HNspYz,pay_CQjzCvi1t9vyVF,745800,INR,netbanking,bdey@example.org,2026-07-02
order_CqpgrxMp1juJtV,pay_EFEtb6F7nvdE2O,3134000,INR,netbanking,turvi31@example.com,2026-07-08
order_agiqwzcdIwrxBI,pay_ZMLhfx9IwiLycc,4726500,INR,netbanking,bedialexander@example.org,2026-07-18
order_Gj3i5tyM0KFFEI,pay_Dbugzt32NLqO8J,1541200,INR,card,ojasray@example.com,2026-07-16
order_DGSWxYpJRlBzzm,pay_FLD0TRGI9Dx7CH,3630000,INR,netbanking,zkala@example.org,2026-07-19
order_XqE7rs68VRQEDI,pay_5SrJH3yvVjc7e5,4348900,INR,netbanking,ladliagate@example.com,2026-07-21
order_nZqIqgTod4nogu,pay_DQi78jO2DOUrrd,636200,INR,upi,suhani46@example.net,2026-07-16
order_T0c5zZ5cZWlU2r,pay_csL5uCNG3iFqYu,4841400,INR,wallet,mdubey@example.com,2026-07-18
order_plTXJUk13ZFfPl,pay_iupqoU7sSaOQdh,2060600,INR,upi,dalbirbhat@example.net,2026-07-21
